URL,HomeTeam,HomeGoals,AwayTeam,AwayGoals
https://soccer365.ru/games/2084464/,Борац БЛ,1,Эгнатия,0
https://soccer365.ru/games/2084465/,Хамрун Спартанс,0,Линкольн Ред Импс,1
https://soccer365.ru/games/2084466/,УЭ Санта-Колома,1,Балканы,2
https://soccer365.ru/games/2084467/,Флора,0,Целе,5
https://soccer365.ru/games/2084468/,КИ Клаксвик,2,Дифферданж 03,0
https://soccer365.ru/games/2084469/,Паневежис,3,ХИК,0
https://soccer365.ru/games/2084470/,РФШ,3,Ларн,0
https://soccer365.ru/games/2084471/,Викингур Рейкьявик,0,Шемрок,0
https://soccer365.ru/games/2084472/,Виртус,1,ФКСБ,7
https://soccer365.ru/games/2084473/,Лудогорец,3,Динамо Батуми,1
https://soccer365.ru/games/2084474/,Ордабасы,0,Петрокуб,0
https://soccer365.ru/games/2084475/,Динамо Минск,0,Пюник,0
https://soccer365.ru/games/2084476/,Слован Братислава,4,Штруга,2
https://soccer365.ru/games/2084477/,ТНС,3,Дечич,0
https://soccer365.ru/games/2084478/,Эгнатия,2,Борац БЛ,1
https://soccer365.ru/games/2084479/,Линкольн Ред Импс,0,Хамрун Спартанс,1
https://soccer365.ru/games/2084480/,Балканы,1,УЭ Санта-Колома,2
https://soccer365.ru/games/2084481/,Целе,2,Флора,1
https://soccer365.ru/games/2084482/,Дифферданж 03,0,КИ Клаксвик,0
https://soccer365.ru/games/2084483/,ХИК,1,Паневежис,1
https://soccer365.ru/games/2084484/,Ларн,0,РФШ,4
https://soccer365.ru/games/2084485/,Шемрок,2,Викингур Рейкьявик,1
https://soccer365.ru/games/2084486/,ФКСБ,4,Виртус,0
https://soccer365.ru/games/2084487/,Динамо Батуми,1,Лудогорец,0
https://soccer365.ru/games/2084488/,Петрокуб,1,Ордабасы,0
https://soccer365.ru/games/2084489/,Пюник,0,Динамо Минск,1
https://soccer365.ru/games/2084490/,Штруга,1,Слован Братислава,2
https://soccer365.ru/games/2084491/,Дечич,1,ТНС,1
https://soccer365.ru/games/2085934/,Лудогорец,2,Динамо Минск,0
https://soccer365.ru/games/2085935/,АПОЭЛ,1,Петрокуб,0
https://soccer365.ru/games/2085936/,Ференцварош,5,ТНС,0
https://soccer365.ru/games/2085937/,ПАОК,3,Борац БЛ,2
https://soccer365.ru/games/2085938/,Буде-Глимт,4,РФШ,0
https://soccer365.ru/games/2085939/,Мальмё,4,КИ Клаксвик,1
https://soccer365.ru/games/2085940/,Шемрок,0,Спарта Прага,2
https://soccer365.ru/games/2085941/,УЭ Санта-Колома,0,Мидтъюлланн,3
https://soccer365.ru/games/2085942/,Целе,1,Слован Братислава,1
https://soccer365.ru/games/2085943/,Паневежис,0,Ягеллония,4
https://soccer365.ru/games/2085944/,Линкольн Ред Импс,0,Карабах Агдам,2
https://soccer365.ru/games/2085945/,ФКСБ,1,Маккаби Т-А,1
https://soccer365.ru/games/2085946/,Лугано,3,Фенербахче,4
https://soccer365.ru/games/2085947/,Динамо Киев,6,Партизан,2
https://soccer365.ru/games/2085948/,Динамо Минск,1,Лудогорец,0
https://soccer365.ru/games/2085949/,Петрокуб,1,АПОЭЛ,1
https://soccer365.ru/games/2085950/,ТНС,1,Ференцварош,2
https://soccer365.ru/games/2085951/,Борац БЛ,0,ПАОК,1
https://soccer365.ru/games/2085952/,РФШ,1,Буде-Глимт,3
https://soccer365.ru/games/2085953/,КИ Клаксвик,3,Мальмё,2
https://soccer365.ru/games/2085954/,Спарта Прага,4,Шемрок,2
https://soccer365.ru/games/2085955/,Мидтъюлланн,1,УЭ Санта-Колома,0
https://soccer365.ru/games/2085956/,Слован Братислава,5,Целе,0
https://soccer365.ru/games/2085957/,Ягеллония,3,Паневежис,1
https://soccer365.ru/games/2085958/,Карабах Агдам,5,Линкольн Ред Импс,0
https://soccer365.ru/games/2085959/,Маккаби Т-А,0,ФКСБ,1
https://soccer365.ru/games/2085960/,Фенербахче,2,Лугано,1
https://soccer365.ru/games/2085961/,Партизан,0,Динамо Киев,3
https://soccer365.ru/games/2129282/,Карабах Агдам,1,Лудогорец,2
https://soccer365.ru/games/2129283/,Слован Братислава,2,АПОЭЛ,0
https://soccer365.ru/games/2129284/,Спарта Прага,1,ФКСБ,1
https://soccer365.ru/games/2129285/,Мальмё,2,ПАОК,2
https://soccer365.ru/games/2129286/,Мидтъюлланн,2,Ференцварош,0
https://soccer365.ru/games/2129287/,Ягеллония,0,Буде-Глимт,1
https://soccer365.ru/games/2129288/,Славия Прага,3,Юнион Сент-Жиллуаз,1
https://soccer365.ru/games/2129289/,Лилль,2,Фенербахче,1
https://soccer365.ru/games/2129290/,Динамо Киев,1,Рейнджерс,1
https://soccer365.ru/games/2129291/,Ред Булл Зальцбург,2,Твенте,1
https://soccer365.ru/games/2129292/,Лудогорец,2,Карабах Агдам,7
https://soccer365.ru/games/2129293/,АПОЭЛ,0,Слован Братислава,0
https://soccer365.ru/games/2129294/,ФКСБ,2,Спарта Прага,3
https://soccer365.ru/games/2129295/,ПАОК,3,Мальмё,4
https://soccer365.ru/games/2129296/,Ференцварош,1,Мидтъюлланн,1
https://soccer365.ru/games/2129297/,Буде-Глимт,4,Ягеллония,1
https://soccer365.ru/games/2129298/,Юнион Сент-Жиллуаз,0,Славия Прага,1
https://soccer365.ru/games/2129299/,Фенербахче,1,Лилль,1
https://soccer365.ru/games/2129300/,Рейнджерс,0,Динамо Киев,2
https://soccer365.ru/games/2129301/,Твенте,3,Ред Булл Зальцбург,3
https://soccer365.ru/games/2153583/,Янг Бойз,3,Галатасарай,2
https://soccer365.ru/games/2153584/,Динамо Загреб,3,Карабах Агдам,0
https://soccer365.ru/games/2153585/,Мидтъюлланн,1,Слован Братислава,1
https://soccer365.ru/games/2153586/,Буде-Глимт,2,Црвена Звезда,1
https://soccer365.ru/games/2153587/,Мальмё,0,Спарта Прага,2
https://soccer365.ru/games/2153588/,Лилль,2,Славия Прага,0
https://soccer365.ru/games/2153589/,Динамо Киев,0,Ред Булл Зальцбург,2
https://soccer365.ru/games/2153590/,Галатасарай,0,Янг Бойз,1
https://soccer365.ru/games/2153591/,Карабах Агдам,0,Динамо Загреб,2
https://soccer365.ru/games/2153592/,Слован Братислава,3,Мидтъюлланн,2
https://soccer365.ru/games/2153593/,Црвена Звезда,2,Буде-Глимт,0
https://soccer365.ru/games/2153594/,Спарта Прага,2,Мальмё,0
https://soccer365.ru/games/2153595/,Славия Прага,2,Лилль,1
https://soccer365.ru/games/2153596/,Ред Булл Зальцбург,1,Динамо Киев,1
https://soccer365.ru/games/2174435/,Ман Сити,0,Интер,0
https://soccer365.ru/games/2174436/,ПСЖ,4,Ман Сити,2
https://soccer365.ru/games/2174437/,Ман Сити,3,Брюгге,1
https://soccer365.ru/games/2174438/,Ювентус,2,Ман Сити,0
https://soccer365.ru/games/2174439/,Ман Сити,3,Фейеноорд,3
https://soccer365.ru/games/2174440/,Спортинг Лиссабон,4,Ман Сити,1
https://soccer365.ru/games/2174441/,Ман Сити,5,Спарта Прага,0
https://soccer365.ru/games/2174442/,Слован Братислава,0,Ман Сити,4
https://soccer365.ru/games/2174443/,Интер,1,РБ Лейпциг,0
https://soccer365.ru/games/2174444/,Интер,1,Арсенал,0
https://soccer365.ru/games/2174445/,Байер,1,Интер,0
https://soccer365.ru/games/2174446/,Интер,4,Црвена Звезда,0
https://soccer365.ru/games/2174447/,Янг Бойз,0,Интер,1
https://soccer365.ru/games/2174448/,Интер,3,Монако,0
https://soccer365.ru/games/2174449/,Спарта Прага,0,Интер,1
https://soccer365.ru/games/2174450/,Бавария,1,ПСЖ,0
https://soccer365.ru/games/2174451/,Барселона,4,Бавария,1
https://soccer365.ru/games/2174452/,Бавария,1,Бенфика,0
https://soccer365.ru/games/2174453/,Шахтер,1,Бавария,5
https://soccer365.ru/games/2174454/,Бавария,9,Динамо Загреб,2
https://soccer365.ru/games/2174455/,Фейеноорд,3,Бавария,0
https://soccer365.ru/games/2174456/,Бавария,3,Слован Братислава,1
https://soccer365.ru/games/2174457/,Астон Вилла,1,Бавария,0
https://soccer365.ru/games/2174458/,РБ Лейпциг,0,Ливерпуль,1
https://soccer365.ru/games/2174459/,РБ Лейпциг,2,Ювентус,3
https://soccer365.ru/games/2174460/,Атлетико Мадрид,2,РБ Лейпциг,1
https://soccer365.ru/games/2174461/,РБ Лейпциг,2,Спортинг Лиссабон,1
https://soccer365.ru/games/2174462/,Селтик,3,РБ Лейпциг,1
https://soccer365.ru/games/2174463/,РБ Лейпциг,2,Астон Вилла,3
https://soccer365.ru/games/2174464/,Штурм Грац,1,РБ Лейпциг,0
https://soccer365.ru/games/2174465/,Боруссия Дортмунд,2,Барселона,3
https://soccer365.ru/games/2174466/,Реал Мадрид,5,Боруссия Дортмунд,2
https://soccer365.ru/games/2174467/,Боруссия Дортмунд,3,Шахтер,1
https://soccer365.ru/games/2174468/,Брюгге,0,Боруссия Дортмунд,3
https://soccer365.ru/games/2174469/,Боруссия Дортмунд,7,Селтик,1
https://soccer365.ru/games/2174470/,Динамо Загреб,0,Боруссия Дортмунд,3
https://soccer365.ru/games/2174471/,Боруссия Дортмунд,1,Штурм Грац,0
https://soccer365.ru/games/2174472/,Болонья,2,Боруссия Дортмунд,1
https://soccer365.ru/games/2174473/,Барселона,2,Аталанта,2
https://soccer365.ru/games/2174474/,Бенфика,4,Барселона,5
https://soccer365.ru/games/2174475/,Барселона,5,Янг Бойз,0
https://soccer365.ru/games/2174476/,Црвена Звезда,2,Барселона,5
https://soccer365.ru/games/2174477/,Барселона,3,Брест,0
https://soccer365.ru/games/2174478/,Монако,2,Барселона,1
https://soccer365.ru/games/2174479/,Ливерпуль,2,Реал Мадрид,0
https://soccer365.ru/games/2174480/,Реал Мадрид,1,Милан,3
https://soccer365.ru/games/2174481/,Аталанта,2,Реал Мадрид,3
https://soccer365.ru/games/2174482/,Реал Мадрид,5,Ред Булл Зальцбург,1
https://soccer365.ru/games/2174483/,Лилль,1,Реал Мадрид,0
https://soccer365.ru/games/2174484/,Реал Мадрид,3,Штутгарт,1
https://soccer365.ru/games/2174485/,Брест,0,Реал Мадрид,3
https://soccer365.ru/games/2174486/,Ливерпуль,4,Байер,0
https://soccer365.ru/games/2174487/,Милан,1,Ливерпуль,3
https://soccer365.ru/games/2174488/,Ливерпуль,2,Лилль,1
https://soccer365.ru/games/2174489/,ПСВ,3,Ливерпуль,2
https://soccer365.ru/games/2174490/,Ливерпуль,2,Болонья,0
https://soccer365.ru/games/2174491/,Жирона,0,Ливерпуль,1
https://soccer365.ru/games/2174492/,Байер,1,Милан,0
https://soccer365.ru/games/2174493/,Атлетико Мадрид,2,Байер,1
https://soccer365.ru/games/2174494/,Байер,5,Ред Булл Зальцбург,0
https://soccer365.ru/games/2174495/,Фейеноорд,0,Байер,4
https://soccer365.ru/games/2174496/,Байер,2,Спарта Прага,0
https://soccer365.ru/games/2174497/,Брест,1,Байер,1
https://soccer365.ru/games/2174498/,ПСЖ,1,Атлетико Мадрид,2
https://soccer365.ru/games/2174499/,Бенфика,4,Атлетико Мадрид,0
https://soccer365.ru/games/2174500/,Атлетико Мадрид,1,Лилль,3
https://soccer365.ru/games/2174501/,Ред Булл Зальцбург,1,Атлетико Мадрид,4
https://soccer365.ru/games/2174502/,Атлетико Мадрид,3,Слован Братислава,1
https://soccer365.ru/games/2174503/,Спарта Прага,0,Атлетико Мадрид,6
https://soccer365.ru/games/2174504/,Арсенал,2,ПСЖ,0
https://soccer365.ru/games/2174505/,ПСЖ,1,ПСВ,1
https://soccer365.ru/games/2174506/,Ред Булл Зальцбург,0,ПСЖ,3
https://soccer365.ru/games/2174507/,ПСЖ,1,Жирона,0
https://soccer365.ru/games/2174508/,Штутгарт,1,ПСЖ,4
https://soccer365.ru/games/2174509/,Аталанта,0,Арсенал,0
https://soccer365.ru/games/2174510/,Шахтер,0,Аталанта,3
https://soccer365.ru/games/2174511/,Аталанта,0,Селтик,0
https://soccer365.ru/games/2174512/,Янг Бойз,1,Аталанта,6
https://soccer365.ru/games/2174513/,Аталанта,5,Штурм Грац,0
https://soccer365.ru/games/2174514/,Штутгарт,0,Аталанта,2
https://soccer365.ru/games/2174515/,Ювентус,0,Бенфика,2
https://soccer365.ru/games/2174516/,Брюгге,0,Ювентус,0
https://soccer365.ru/games/2174517/,Ювентус,3,ПСВ,1
https://soccer365.ru/games/2174518/,Лилль,1,Ювентус,1
https://soccer365.ru/games/2174519/,Ювентус,0,Штутгарт,1
https://soccer365.ru/games/2174520/,Астон Вилла,0,Ювентус,0
https://soccer365.ru/games/2174521/,Бенфика,1,Фейеноорд,3
https://soccer365.ru/games/2174522/,Црвена Звезда,1,Бенфика,2
https://soccer365.ru/games/2174523/,Бенфика,0,Болонья,0
https://soccer365.ru/games/2174524/,Монако,2,Бенфика,3
https://soccer365.ru/games/2174525/,Арсенал,1,Шахтер,0
https://soccer365.ru/games/2174526/,Арсенал,3,Динамо Загреб,0
https://soccer365.ru/games/2174527/,Спортинг Лиссабон,1,Арсенал,5
https://soccer365.ru/games/2174528/,Арсенал,3,Монако,0
https://soccer365.ru/games/2174529/,Жирона,1,Арсенал,2
https://soccer365.ru/games/2174530/,Милан,3,Брюгге,1
https://soccer365.ru/games/2174531/,Брюгге,2,Спортинг Лиссабон,1
https://soccer365.ru/games/2174532/,Селтик,1,Брюгге,1
https://soccer365.ru/games/2174533/,Брюгге,1,Астон Вилла,0
https://soccer365.ru/games/2174534/,Штурм Грац,0,Брюгге,1
https://soccer365.ru/games/2174535/,Шахтер,2,Янг Бойз,1
https://soccer365.ru/games/2174536/,ПСВ,3,Шахтер,2
https://soccer365.ru/games/2174537/,Шахтер,2,Брест,0
https://soccer365.ru/games/2174538/,Болонья,0,Шахтер,0
https://soccer365.ru/games/2174539/,Милан,2,Црвена Звезда,1
https://soccer365.ru/games/2174540/,Динамо Загреб,2,Милан,1
https://soccer365.ru/games/2174541/,Милан,1,Жирона,0
https://soccer365.ru/games/2174542/,Слован Братислава,2,Милан,3
https://soccer365.ru/games/2174543/,Фейеноорд,1,Ред Булл Зальцбург,3
https://soccer365.ru/games/2174544/,Лилль,6,Фейеноорд,1
https://soccer365.ru/games/2174545/,Фейеноорд,4,Спарта Прага,2
https://soccer365.ru/games/2174546/,Жирона,2,Фейеноорд,3
https://soccer365.ru/games/2174547/,Спортинг Лиссабон,2,Лилль,0
https://soccer365.ru/games/2174548/,ПСВ,1,Спортинг Лиссабон,1
https://soccer365.ru/games/2174549/,Спортинг Лиссабон,1,Болонья,1
https://soccer365.ru/games/2174550/,Штурм Грац,0,Спортинг Лиссабон,2
https://soccer365.ru/games/2174551/,Црвена Звезда,2,ПСВ,3
https://soccer365.ru/games/2174552/,ПСВ,4,Жирона,0
https://soccer365.ru/games/2174553/,Брест,1,ПСВ,0
https://soccer365.ru/games/2174554/,Динамо Загреб,0,Селтик,0
https://soccer365.ru/games/2174555/,Ред Булл Зальцбург,0,Динамо Загреб,2
https://soccer365.ru/games/2174556/,Динамо Загреб,2,Монако,2
https://soccer365.ru/games/2174557/,Слован Братислава,1,Динамо Загреб,4
https://soccer365.ru/games/2174558/,Ред Булл Зальцбург,0,Брест,4
https://soccer365.ru/games/2174559/,Спарта Прага,3,Ред Булл Зальцбург,0
https://soccer365.ru/games/2174560/,Лилль,3,Штурм Грац,2
https://soccer365.ru/games/2174561/,Болонья,1,Лилль,2
https://soccer365.ru/games/2174563/,Црвена Звезда,5,Штутгарт,1
https://soccer365.ru/games/2174564/,Монако,5,Црвена Звезда,1
https://soccer365.ru/games/2174565/,Селтик,1,Янг Бойз,0
https://soccer365.ru/games/2174566/,Янг Бойз,0,Астон Вилла,3
https://soccer365.ru/games/2174567/,Штутгарт,5,Янг Бойз,1
https://soccer365.ru/games/2174568/,Селтик,5,Слован Братислава,1
https://soccer365.ru/games/2174569/,Астон Вилла,4,Селтик,2
https://soccer365.ru/games/2174570/,Слован Братислава,1,Штутгарт,3
https://soccer365.ru/games/2174571/,Жирона,2,Слован Братислава,0
https://soccer365.ru/games/2174572/,Монако,1,Астон Вилла,0
https://soccer365.ru/games/2174573/,Болонья,0,Монако,1
https://soccer365.ru/games/2174574/,Спарта Прага,1,Брест,2
https://soccer365.ru/games/2174575/,Штутгарт,1,Спарта Прага,1
https://soccer365.ru/games/2174576/,Астон Вилла,2,Болонья,0
https://soccer365.ru/games/2174577/,Штурм Грац,1,Жирона,0
https://soccer365.ru/games/2174578/,Брест,2,Штурм Грац,1
https://soccer365.ru/games/2225238/,Брюгге,2,Аталанта,1
https://soccer365.ru/games/2225239/,Спортинг Лиссабон,0,Боруссия Дортмунд,3
https://soccer365.ru/games/2225240/,Ман Сити,2,Реал Мадрид,3
https://soccer365.ru/games/2225241/,Селтик,1,Бавария,2
https://soccer365.ru/games/2225242/,Ювентус,2,ПСВ,1
https://soccer365.ru/games/2225243/,Фейеноорд,1,Милан,0
https://soccer365.ru/games/2225244/,Брест,0,ПСЖ,3
https://soccer365.ru/games/2225245/,Монако,0,Бенфика,1
https://soccer365.ru/games/2225246/,Аталанта,1,Брюгге,3
https://soccer365.ru/games/2225247/,Боруссия Дортмунд,0,Спортинг Лиссабон,0
https://soccer365.ru/games/2225248/,Реал Мадрид,3,Ман Сити,1
https://soccer365.ru/games/2225249/,Бавария,1,Селтик,1
https://soccer365.ru/games/2225250/,ПСВ,3,Ювентус,1
https://soccer365.ru/games/2225251/,Милан,1,Фейеноорд,1
https://soccer365.ru/games/2225252/,ПСЖ,7,Брест,0
https://soccer365.ru/games/2225253/,Бенфика,3,Монако,3
https://soccer365.ru/games/2234511/,Брюгге,1,Астон Вилла,3
https://soccer365.ru/games/2234512/,Боруссия Дортмунд,1,Лилль,1
https://soccer365.ru/games/2234513/,Реал Мадрид,2,Атлетико Мадрид,1
https://soccer365.ru/games/2234514/,Бавария,3,Байер,0
https://soccer365.ru/games/2234515/,ПСВ,1,Арсенал,7
https://soccer365.ru/games/2234516/,Фейеноорд,0,Интер,2
https://soccer365.ru/games/2234517/,ПСЖ,0,Ливерпуль,1
https://soccer365.ru/games/2234518/,Бенфика,0,Барселона,1
https://soccer365.ru/games/2234519/,Астон Вилла,3,Брюгге,0
https://soccer365.ru/games/2234520/,Лилль,1,Боруссия Дортмунд,2
https://soccer365.ru/games/2234521/,Атлетико Мадрид,1,Реал Мадрид,0
https://soccer365.ru/games/2234522/,Байер,0,Бавария,2
https://soccer365.ru/games/2234523/,Арсенал,2,ПСВ,2
https://soccer365.ru/games/2234524/,Интер,2,Фейеноорд,1
https://soccer365.ru/games/2234525/,Ливерпуль,0,ПСЖ,1
https://soccer365.ru/games/2234526/,Барселона,3,Бенфика,1
https://soccer365.ru/games/2234527/,ПСЖ,3,Астон Вилла,1
https://soccer365.ru/games/2234528/,Арсенал,3,Реал Мадрид,0
https://soccer365.ru/games/2234529/,Барселона,4,Боруссия Дортмунд,0
https://soccer365.ru/games/2234530/,Бавария,1,Интер,2
https://soccer365.ru/games/2234531/,Астон Вилла,3,ПСЖ,2
https://soccer365.ru/games/2234532/,Реал Мадрид,1,Арсенал,2
https://soccer365.ru/games/2234533/,Боруссия Дортмунд,3,Барселона,1
https://soccer365.ru/games/2234534/,Интер,2,Бавария,2
https://soccer365.ru/games/2234535/,Арсенал,0,ПСЖ,1
https://soccer365.ru/games/2234536/,Барселона,3,Интер,3
https://soccer365.ru/games/2234537/,ПСЖ,2,Арсенал,1
https://soccer365.ru/games/2234538/,Интер,4,Барселона,3
https://soccer365.ru/games/15693444/,Атлетик Эскальдес,0,Будучность,3
https://soccer365.ru/games/15693445/,Тре Пенне,1,Брейдаблик,7
https://soccer365.ru/games/15693446/,Будучность,0,Брейдаблик,5
https://soccer365.ru/games/15693447/,Хеккен,3,ТНС,1
https://soccer365.ru/games/15693448/,Балканы,2,Лудогорец,0
https://soccer365.ru/games/15693449/,Шемрок,0,Брейдаблик,1
https://soccer365.ru/games/15693450/,Жальгирис,0,Штруга,0
https://soccer365.ru/games/15693451/,КИ Клаксвик,0,Ференцварош,0
https://soccer365.ru/games/15693452/,Олимпия Любляна,2,Валмиера,1
https://soccer365.ru/games/15693453/,ХИК,1,Ларн,0
https://soccer365.ru/games/15693454/,Линкольн Ред Импс,1,Карабах Агдам,2
https://soccer365.ru/games/15693455/,Ракув,1,Флора,0
https://soccer365.ru/games/15693456/,Слован Братислава,1,Свифт Эсперанж,1
https://soccer365.ru/games/15693457/,Фарул,1,Шериф,0
https://soccer365.ru/games/15693458/,Хамрун Спартанс,0,Маккаби Хайфа,4
https://soccer365.ru/games/15693459/,Урарту,0,Зриньски,1
https://soccer365.ru/games/15693460/,Партизани,1,БАТЭ,1
https://soccer365.ru/games/15693461/,Астана,1,Динамо Тб,1
https://soccer365.ru/games/15693462/,ТНС,0,Хеккен,2
https://soccer365.ru/games/15693463/,Лудогорец,4,Балканы,0
https://soccer365.ru/games/15693464/,Брейдаблик,2,Шемрок,1
https://soccer365.ru/games/15693465/,Штруга,1,Жальгирис,2
https://soccer365.ru/games/15693466/,Ференцварош,0,КИ Клаксвик,3
https://soccer365.ru/games/15693467/,Валмиера,1,Олимпия Любляна,2
https://soccer365.ru/games/15693468/,Ларн,2,ХИК,2
https://soccer365.ru/games/15693469/,Карабах Агдам,4,Линкольн Ред Импс,0
https://soccer365.ru/games/15693470/,Флора,0,Ракув,3
https://soccer365.ru/games/15693471/,Свифт Эсперанж,0,Слован Братислава,2
https://soccer365.ru/games/15693472/,Шериф,3,Фарул,0
https://soccer365.ru/games/15693473/,Маккаби Хайфа,2,Хамрун Спартанс,1
https://soccer365.ru/games/15693474/,Зриньски,2,Урарту,3
https://soccer365.ru/games/15693475/,БАТЭ,2,Партизани,0
https://soccer365.ru/games/15693476/,Динамо Тб,1,Астана,2
https://soccer365.ru/games/15693477/,Жальгирис,2,Галатасарай,2
https://soccer365.ru/games/15693478/,Лудогорец,1,Олимпия Любляна,1
https://soccer365.ru/games/15693479/,Ракув,3,Карабах Агдам,2
https://soccer365.ru/games/15693480/,КИ Клаксвик,0,Хеккен,0
https://soccer365.ru/games/15693481/,ХИК,1,Молде,0
https://soccer365.ru/games/15693482/,Брейдаблик,0,Копенгаген,2
https://soccer365.ru/games/15693483/,Шериф,1,Маккаби Хайфа,0
https://soccer365.ru/games/15693484/,Арис Лимасол,6,БАТЭ,2
https://soccer365.ru/games/15693485/,Зриньски,0,Слован Братислава,1
https://soccer365.ru/games/15693486/,Динамо Загреб,4,Астана,0
https://soccer365.ru/games/15693487/,Днепр-1,1,Панатинаикос,3
https://soccer365.ru/games/15693488/,Серветт,1,Генк,1
https://soccer365.ru/games/15693489/,Галатасарай,1,Жальгирис,0
https://soccer365.ru/games/15693490/,Олимпия Любляна,2,Лудогорец,1
https://soccer365.ru/games/15693491/,Карабах Агдам,1,Ракув,1
https://soccer365.ru/games/15693492/,Хеккен,3,КИ Клаксвик,3
https://soccer365.ru/games/15693493/,Молде,2,ХИК,0
https://soccer365.ru/games/15693494/,Копенгаген,6,Брейдаблик,3
https://soccer365.ru/games/15693495/,Маккаби Хайфа,4,Шериф,1
https://soccer365.ru/games/15693496/,БАТЭ,3,Арис Лимасол,5
https://soccer365.ru/games/15693497/,Слован Братислава,2,Зриньски,2
https://soccer365.ru/games/15693498/,Астана,0,Динамо Загреб,2
https://soccer365.ru/games/15693499/,Панатинаикос,2,Днепр-1,2
https://soccer365.ru/games/15693500/,Генк,2,Серветт,2
https://soccer365.ru/games/15693501/,Арис Лимасол,0,Ракув,1
https://soccer365.ru/games/15693502/,Маккаби Хайфа,3,Слован Братислава,1
https://soccer365.ru/games/15693503/,АЕК Афины,2,Динамо Загреб,2
https://soccer365.ru/games/15693504/,Галатасарай,1,Олимпия Любляна,0
https://soccer365.ru/games/15693505/,Спарта Прага,2,Копенгаген,0
https://soccer365.ru/games/15693507/,Бачка Топола,1,Брага,4
https://soccer365.ru/games/15693508/,Серветт,1,Рейнджерс,1
https://soccer365.ru/games/15693509/,Марсель,2,Панатинаикос,1
https://soccer365.ru/games/15693510/,Штурм Грац,1,ПСВ,3
https://soccer365.ru/games/15693511/,Арис Лимасол,0,Ракув,1
https://soccer365.ru/games/15693512/,Маккаби Хайфа,3,Слован Братислава,1
https://soccer365.ru/games/15693513/,АЕК Афины,2,Динамо Загреб,2
https://soccer365.ru/games/15693514/,Галатасарай,1,Олимпия Любляна,0
https://soccer365.ru/games/15693515/,Спарта Прага,2,Копенгаген,0
https://soccer365.ru/games/15693517/,Бачка Топола,1,Брага,4
https://soccer365.ru/games/15693518/,Серветт,1,Рейнджерс,1
https://soccer365.ru/games/15693519/,Марсель,2,Панатинаикос,1
https://soccer365.ru/games/15693520/,Штурм Грац,1,ПСВ,3
https://soccer365.ru/games/15693521/,Янг Бойз,3,Маккаби Хайфа,0
https://soccer365.ru/games/15693522/,АЕК Афины,1,Антверпен,2
https://soccer365.ru/games/15693523/,Копенгаген,1,Ракув,1
https://soccer365.ru/games/15693524/,Галатасарай,2,Молде,1
https://soccer365.ru/games/15693525/,ПСВ,5,Рейнджерс,1
https://soccer365.ru/games/15693526/,Панатинаикос,0,Брага,1
https://soccer365.ru/games/15693527/,Янг Бойз,3,Маккаби Хайфа,0
https://soccer365.ru/games/15693528/,АЕК Афины,1,Антверпен,2
https://soccer365.ru/games/15693529/,Копенгаген,1,Ракув,1
https://soccer365.ru/games/15693530/,Галатасарай,2,Молде,1
https://soccer365.ru/games/15693531/,ПСВ,5,Рейнджерс,1
https://soccer365.ru/games/15693532/,Панатинаикос,0,Брага,1
https://soccer365.ru/games/15693533/,РБ Лейпциг,2,Янг Бойз,1
https://soccer365.ru/games/15693534/,Ньюкасл,1,Милан,2
https://soccer365.ru/games/15693535/,Црвена Звезда,2,Ман Сити,3
https://soccer365.ru/games/15693536/,Антверпен,3,Барселона,2
https://soccer365.ru/games/15693537/,Порту,5,Шахтер,3
https://soccer365.ru/games/15693538/,Атлетико Мадрид,2,Лацио,0
https://soccer365.ru/games/15693539/,Селтик,2,Фейеноорд,1
https://soccer365.ru/games/15693540/,ПСЖ,0,Боруссия Дортмунд,1
https://soccer365.ru/games/15693541/,Копенгаген,1,Галатасарай,0
https://soccer365.ru/games/15693542/,Унион Берлин,2,Реал Мадрид,3
https://soccer365.ru/games/15693543/,Ман Юнайтед,0,Бавария,1
https://soccer365.ru/games/15693544/,Наполи,2,Брага,0
https://soccer365.ru/games/15693545/,Арсенал,2,ПСВ,2
https://soccer365.ru/games/15693546/,Ланс,2,Севилья,1
https://soccer365.ru/games/15693547/,Ред Булл Зальцбург,1,Бенфика,3
https://soccer365.ru/games/15693548/,Интер,0,Реал Сосьедад,0
https://soccer365.ru/games/15693549/,Брага,1,Унион Берлин,1
https://soccer365.ru/games/15693550/,Реал Сосьедад,0,Ред Булл Зальцбург,0
https://soccer365.ru/games/15693551/,Галатасарай,3,Ман Юнайтед,3
https://soccer365.ru/games/15693552/,Бавария,0,Копенгаген,0
https://soccer365.ru/games/15693553/,Реал Мадрид,4,Наполи,2
https://soccer365.ru/games/15693554/,Арсенал,6,Ланс,0
https://soccer365.ru/games/15693555/,Севилья,2,ПСВ,3
https://soccer365.ru/games/15693556/,Бенфика,3,Интер,3
https://soccer365.ru/games/15693557/,Шахтер,1,Антверпен,0
https://soccer365.ru/games/15693558/,Фейеноорд,1,Атлетико Мадрид,3
https://soccer365.ru/games/15693559/,Янг Бойз,0,Црвена Звезда,1
https://soccer365.ru/games/15693560/,Ман Сити,3,РБ Лейпциг,2
https://soccer365.ru/games/15693561/,Барселона,2,Порту,1
https://soccer365.ru/games/15693562/,Лацио,2,Селтик,0
https://soccer365.ru/games/15693563/,Милан,1,Боруссия Дортмунд,3
https://soccer365.ru/games/15693564/,ПСЖ,1,Ньюкасл,1
https://soccer365.ru/games/15693565/,Бавария,2,Галатасарай,1
https://soccer365.ru/games/15693566/,Ред Булл Зальцбург,0,Интер,1
https://soccer365.ru/games/15693567/,Копенгаген,4,Ман Юнайтед,3
https://soccer365.ru/games/15693568/,Реал Мадрид,3,Брага,0
https://soccer365.ru/games/15693569/,Наполи,1,Унион Берлин,1
https://soccer365.ru/games/15693570/,Арсенал,2,Севилья,0
https://soccer365.ru/games/15693571/,ПСВ,1,Ланс,0
https://soccer365.ru/games/15693572/,Реал Сосьедад,3,Бенфика,1
https://soccer365.ru/games/15693573/,Шахтер,1,Барселона,0
https://soccer365.ru/games/15693574/,Лацио,1,Фейеноорд,0
https://soccer365.ru/games/15693575/,Ман Сити,3,Янг Бойз,0
https://soccer365.ru/games/15693576/,Црвена Звезда,1,РБ Лейпциг,2
https://soccer365.ru/games/15693577/,Порту,2,Антверпен,0
https://soccer365.ru/games/15693578/,Атлетико Мадрид,6,Селтик,0
https://soccer365.ru/games/15693579/,Боруссия Дортмунд,2,Ньюкасл,0
https://soccer365.ru/games/15693580/,Милан,2,ПСЖ,1
https://soccer365.ru/games/15693581/,Шахтер,1,Барселона,0
https://soccer365.ru/games/15693582/,Боруссия Дортмунд,2,Ньюкасл,0
https://soccer365.ru/games/15693583/,Црвена Звезда,1,РБ Лейпциг,2
https://soccer365.ru/games/15693584/,Ман Сити,3,Янг Бойз,0
https://soccer365.ru/games/15693585/,Порту,2,Антверпен,0
https://soccer365.ru/games/15693586/,Атлетико Мадрид,6,Селтик,0
https://soccer365.ru/games/15693587/,Лацио,1,Фейеноорд,0
https://soccer365.ru/games/15693588/,Милан,2,ПСЖ,1
https://soccer365.ru/games/15693589/,Наполи,1,Унион Берлин,1
https://soccer365.ru/games/15693590/,Реал Сосьедад,3,Бенфика,1
https://soccer365.ru/games/15693591/,Копенгаген,4,Ман Юнайтед,3
https://soccer365.ru/games/15693592/,Бавария,2,Галатасарай,1
https://soccer365.ru/games/15693593/,Реал Мадрид,3,Брага,0
https://soccer365.ru/games/15693594/,Арсенал,2,Севилья,0
https://soccer365.ru/games/15693595/,ПСВ,1,Ланс,0
https://soccer365.ru/games/15693596/,Ред Булл Зальцбург,0,Интер,1
https://soccer365.ru/games/15693597/,Шахтер,1,Антверпен,0
https://soccer365.ru/games/15693598/,Лацио,2,Селтик,0
https://soccer365.ru/games/15693599/,Янг Бойз,0,Црвена Звезда,1
https://soccer365.ru/games/15693600/,Ман Сити,3,РБ Лейпциг,2
https://soccer365.ru/games/15693601/,Барселона,2,Порту,1
https://soccer365.ru/games/15693602/,Фейеноорд,1,Атлетико Мадрид,3
https://soccer365.ru/games/15693603/,Милан,1,Боруссия Дортмунд,3
https://soccer365.ru/games/15693604/,ПСЖ,1,Ньюкасл,1
https://soccer365.ru/games/15693605/,Галатасарай,3,Ман Юнайтед,3
https://soccer365.ru/games/15693606/,Севилья,2,ПСВ,3
https://soccer365.ru/games/15693607/,Бавария,0,Копенгаген,0
https://soccer365.ru/games/15693608/,Реал Мадрид,4,Наполи,2
https://soccer365.ru/games/15693609/,Брага,1,Унион Берлин,1
https://soccer365.ru/games/15693610/,Арсенал,6,Ланс,0
https://soccer365.ru/games/15693611/,Бенфика,3,Интер,3
https://soccer365.ru/games/15693612/,Реал Сосьедад,0,Ред Булл Зальцбург,0
https://soccer365.ru/games/15693613/,Арсенал,2,ПСВ,2
https://soccer365.ru/games/15693614/,Ланс,2,Севилья,1
https://soccer365.ru/games/15693615/,Ман Юнайтед,0,Бавария,1
https://soccer365.ru/games/15693616/,Копенгаген,1,Галатасарай,0
https://soccer365.ru/games/15693617/,Наполи,2,Брага,0
https://soccer365.ru/games/15693618/,Унион Берлин,2,Реал Мадрид,3
https://soccer365.ru/games/15693619/,Интер,0,Реал Сосьедад,0
https://soccer365.ru/games/15693620/,Ред Булл Зальцбург,1,Бенфика,3
https://soccer365.ru/games/15693621/,РБ Лейпциг,2,Янг Бойз,1
https://soccer365.ru/games/15693622/,Црвена Звезда,2,Ман Сити,3
https://soccer365.ru/games/15693623/,Антверпен,3,Барселона,2
https://soccer365.ru/games/15693624/,Порту,5,Шахтер,3
https://soccer365.ru/games/15693625/,Атлетико Мадрид,2,Лацио,0
https://soccer365.ru/games/15693626/,Селтик,2,Фейеноорд,1
https://soccer365.ru/games/15693627/,Ньюкасл,1,Милан,2
https://soccer365.ru/games/15693628/,ПСЖ,0,Боруссия Дортмунд,1
https://soccer365.ru/games/15693629/,Арсенал,1,Порту,0
https://soccer365.ru/games/15693630/,Барселона,3,Наполи,1
https://soccer365.ru/games/15693631/,Реал Сосьедад,1,ПСЖ,2
https://soccer365.ru/games/15693632/,Атлетико Мадрид,2,Интер,1
https://soccer365.ru/games/15693633/,Боруссия Дортмунд,2,ПСВ,0
https://soccer365.ru/games/15693634/,Бавария,3,Лацио,0
https://soccer365.ru/games/15693635/,Ман Сити,3,Копенгаген,1
https://soccer365.ru/games/15693636/,Реал Мадрид,1,РБ Лейпциг,1
https://soccer365.ru/games/15693637/,Арсенал,1,Порту,0
https://soccer365.ru/games/15693638/,Барселона,3,Наполи,1
https://soccer365.ru/games/15693639/,Реал Сосьедад,1,ПСЖ,2
https://soccer365.ru/games/15693640/,Атлетико Мадрид,2,Интер,1
https://soccer365.ru/games/15693641/,Боруссия Дортмунд,2,ПСВ,0
https://soccer365.ru/games/15693642/,Бавария,3,Лацио,0
https://soccer365.ru/games/15693643/,Ман Сити,3,Копенгаген,1
https://soccer365.ru/games/15693644/,Реал Мадрид,1,РБ Лейпциг,1
https://soccer365.ru/games/15693645/,Бавария,1,Арсенал,0
https://soccer365.ru/games/15693646/,Боруссия Дортмунд,4,Атлетико Мадрид,2
https://soccer365.ru/games/15693647/,Реал Мадрид,3,Ман Сити,1
https://soccer365.ru/games/15693648/,Барселона,1,ПСЖ,4
https://soccer365.ru/games/15693649/,Бавария,1,Арсенал,0
https://soccer365.ru/games/15693650/,Боруссия Дортмунд,4,Атлетико Мадрид,2
https://soccer365.ru/games/15693651/,Реал Мадрид,3,Ман Сити,1
https://soccer365.ru/games/15693652/,Барселона,1,ПСЖ,4
https://soccer365.ru/games/15693653/,ПСЖ,0,Боруссия Дортмунд,1
https://soccer365.ru/games/15693654/,Реал Мадрид,2,Бавария,1
https://soccer365.ru/games/15693655/,ПСЖ,0,Боруссия Дортмунд,1
https://soccer365.ru/games/15693656/,Реал Мадрид,2,Бавария,1
https://soccer365.ru/games/15693657/,Реал Мадрид,5,Боруссия Дортмунд,2
https://soccer365.ru/games/15497593/,Левадия,1,Викингур Рейкьявик,6
https://soccer365.ru/games/15497594/,Ла Фиорита,1,Интер Клуб Эскльдес,2
https://soccer365.ru/games/15497595/,Интер Клуб Эскльдес,0,Викингур Рейкьявик,1
https://soccer365.ru/games/15497596/,ЧФР Клуж,2,Пюник,2
https://soccer365.ru/games/15497597/,Шахтёр Cолигорск,0,Марибор,2
https://soccer365.ru/games/15497598/,Сутьеска,0,Лудогорец,1
https://soccer365.ru/games/15497599/,Тирана,1,Дюделанж,2
https://soccer365.ru/games/15497600/,Ференцварош,5,Тобол Костанай,1
https://soccer365.ru/games/15497601/,Викингур Рейкьявик,3,Мальмё,3
https://soccer365.ru/games/15497602/,Жальгирис,1,Балканы,0
https://soccer365.ru/games/15497603/,РФШ,2,ХИК,1
https://soccer365.ru/games/15497604/,КИ Клаксвик,3,Буде-Глимт,1
https://soccer365.ru/games/15497605/,Линфилд,2,ТНС,0
https://soccer365.ru/games/15497606/,Хибернианc,0,Шемрок,0
https://soccer365.ru/games/15497607/,Карабах Агдам,5,Лех Познань,1
https://soccer365.ru/games/15497608/,Линкольн Ред Импс,2,Шкупи,0
https://soccer365.ru/games/15497609/,Шериф,1,Зриньски,0
https://soccer365.ru/games/15497610/,Динамо Батуми,1,Слован Братислава,2
https://soccer365.ru/games/15497611/,ЧФР Клуж,2,Пюник,2
https://soccer365.ru/games/15497612/,Шахтёр Cолигорск,0,Марибор,2
https://soccer365.ru/games/15497613/,Сутьеска,0,Лудогорец,1
https://soccer365.ru/games/15497614/,Тирана,1,Дюделанж,2
https://soccer365.ru/games/15497615/,Ференцварош,5,Тобол Костанай,1
https://soccer365.ru/games/15497616/,Викингур Рейкьявик,3,Мальмё,3
https://soccer365.ru/games/15497617/,Жальгирис,1,Балканы,0
https://soccer365.ru/games/15497618/,РФШ,2,ХИК,1
https://soccer365.ru/games/15497619/,КИ Клаксвик,3,Буде-Глимт,1
https://soccer365.ru/games/15497620/,Линфилд,2,ТНС,0
https://soccer365.ru/games/15497621/,Хибернианc,0,Шемрок,0
https://soccer365.ru/games/15497622/,Карабах Агдам,5,Лех Познань,1
https://soccer365.ru/games/15497623/,Линкольн Ред Импс,2,Шкупи,0
https://soccer365.ru/games/15497624/,Шериф,1,Зриньски,0
https://soccer365.ru/games/15497625/,Динамо Батуми,1,Слован Братислава,2
https://soccer365.ru/games/15497626/,Слован Братислава,1,Ференцварош,4
https://soccer365.ru/games/15497627/,Шкупи,0,Динамо Загреб,1
https://soccer365.ru/games/15497628/,Цюрих,2,Карабах Агдам,2
https://soccer365.ru/games/15497629/,Виктория Пльзень,5,ХИК,0
https://soccer365.ru/games/15497630/,Буде-Глимт,8,Линфилд,0
https://soccer365.ru/games/15497631/,Мальмё,0,Жальгирис,2
https://soccer365.ru/games/15497632/,Шемрок,2,Лудогорец,1
https://soccer365.ru/games/15497633/,Шериф,1,Марибор,0
https://soccer365.ru/games/15497634/,Олимпиакос,0,Маккаби Хайфа,4
https://soccer365.ru/games/15497635/,Дюделанж,1,Пюник,4
https://soccer365.ru/games/15497636/,АЕК Ларнака,1,Мидтъюлланн,1
https://soccer365.ru/games/15497637/,Динамо Киев,0,Фенербахче,2
https://soccer365.ru/games/15497638/,Слован Братислава,1,Ференцварош,4
https://soccer365.ru/games/15497639/,Шкупи,0,Динамо Загреб,1
https://soccer365.ru/games/15497640/,Цюрих,2,Карабах Агдам,2
https://soccer365.ru/games/15497641/,Виктория Пльзень,5,ХИК,0
https://soccer365.ru/games/15497642/,Буде-Глимт,8,Линфилд,0
https://soccer365.ru/games/15497643/,Мальмё,0,Жальгирис,2
https://soccer365.ru/games/15497644/,Шемрок,2,Лудогорец,1
https://soccer365.ru/games/15497645/,Шериф,1,Марибор,0
https://soccer365.ru/games/15497646/,Олимпиакос,0,Маккаби Хайфа,4
https://soccer365.ru/games/15497647/,Дюделанж,1,Пюник,4
https://soccer365.ru/games/15497648/,АЕК Ларнака,1,Мидтъюлланн,1
https://soccer365.ru/games/15497649/,Динамо Киев,0,Фенербахче,2
https://soccer365.ru/games/15497650/,Аполлон,2,Маккаби Хайфа,0
https://soccer365.ru/games/15497651/,Карабах Агдам,3,Ференцварош,3
https://soccer365.ru/games/15497652/,Динамо Загреб,4,Лудогорец,2
https://soccer365.ru/games/15497653/,Виктория Пльзень,2,Шериф,1
https://soccer365.ru/games/15497654/,Жальгирис,1,Буде-Глимт,1
https://soccer365.ru/games/15497655/,Пюник,0,Црвена Звезда,2
https://soccer365.ru/games/15497656/,ПСВ,3,Монако,2
https://soccer365.ru/games/15497657/,Штурм Грац,1,Динамо Киев,2
https://soccer365.ru/games/15497658/,Рейнджерс,2,Юнион Сент-Жиллуаз,1
https://soccer365.ru/games/15497659/,Мидтъюлланн,1,Бенфика,3
https://soccer365.ru/games/15497660/,Аполлон,2,Маккаби Хайфа,0
https://soccer365.ru/games/15497661/,Карабах Агдам,3,Ференцварош,3
https://soccer365.ru/games/15497662/,Динамо Загреб,4,Лудогорец,2
https://soccer365.ru/games/15497663/,Виктория Пльзень,2,Шериф,1
https://soccer365.ru/games/15497664/,Жальгирис,1,Буде-Глимт,1
https://soccer365.ru/games/15497665/,Пюник,0,Црвена Звезда,2
https://soccer365.ru/games/15497666/,ПСВ,3,Монако,2
https://soccer365.ru/games/15497667/,Штурм Грац,1,Динамо Киев,2
https://soccer365.ru/games/15497668/,Рейнджерс,2,Юнион Сент-Жиллуаз,1
https://soccer365.ru/games/15497669/,Мидтъюлланн,1,Бенфика,3
https://soccer365.ru/games/15497670/,Виктория Пльзень,1,Карабах Агдам,2
https://soccer365.ru/games/15497671/,Динамо Загреб,4,Буде-Глимт,1
https://soccer365.ru/games/15497672/,Црвена Звезда,2,Маккаби Хайфа,2
https://soccer365.ru/games/15497673/,Трабзонспор,0,Копенгаген,0
https://soccer365.ru/games/15497674/,Бенфика,3,Динамо Киев,0
https://soccer365.ru/games/15497675/,ПСВ,5,Рейнджерс,1
https://soccer365.ru/games/15497676/,Виктория Пльзень,1,Карабах Агдам,2
https://soccer365.ru/games/15497677/,Динамо Загреб,4,Буде-Глимт,1
https://soccer365.ru/games/15497678/,Црвена Звезда,2,Маккаби Хайфа,2
https://soccer365.ru/games/15497679/,Трабзонспор,0,Копенгаген,0
https://soccer365.ru/games/15497680/,Бенфика,3,Динамо Киев,0
https://soccer365.ru/games/15497681/,ПСВ,5,Рейнджерс,1
https://soccer365.ru/games/15497682/,Челси,2,Динамо Загреб,1
https://soccer365.ru/games/15497683/,Копенгаген,1,Боруссия Дортмунд,1
https://soccer365.ru/games/15497684/,Милан,4,Ред Булл Зальцбург,0
https://soccer365.ru/games/15497685/,Реал Мадрид,5,Селтик,1
https://soccer365.ru/games/15497686/,Шахтер,0,РБ Лейпциг,4
https://soccer365.ru/games/15497687/,Ман Сити,1,Севилья,1
https://soccer365.ru/games/15497688/,Ювентус,1,ПСЖ,2
https://soccer365.ru/games/15497689/,Маккаби Хайфа,1,Бенфика,6
https://soccer365.ru/games/15497690/,Аякс,2,Рейнджерс,1
https://soccer365.ru/games/15497691/,Спортинг Лиссабон,1,Айнтрахт Франкфурт,2
https://soccer365.ru/games/15497692/,Ливерпуль,2,Наполи,0
https://soccer365.ru/games/15497693/,Порту,2,Атлетико Мадрид,1
https://soccer365.ru/games/15497694/,Байер,0,Брюгге,0
https://soccer365.ru/games/15497695/,Виктория Пльзень,2,Барселона,4
https://soccer365.ru/games/15497696/,Интер,2,Бавария,2
https://soccer365.ru/games/15497697/,Марсель,1,Тоттенхэм,2
https://soccer365.ru/games/15497698/,Интер,4,Виктория Пльзень,0
https://soccer365.ru/games/15497699/,Тоттенхэм,1,Спортинг Лиссабон,1
https://soccer365.ru/games/15497700/,Аякс,0,Ливерпуль,3
https://soccer365.ru/games/15497701/,Наполи,3,Рейнджерс,0
https://soccer365.ru/games/15497702/,Атлетико Мадрид,2,Байер,1
https://soccer365.ru/games/15497703/,Брюгге,0,Порту,4
https://soccer365.ru/games/15497704/,Барселона,4,Бавария,1
https://soccer365.ru/games/15497705/,Айнтрахт Франкфурт,2,Марсель,1
https://soccer365.ru/games/15497706/,Динамо Загреб,2,Милан,1
https://soccer365.ru/games/15497707/,Селтик,1,Шахтер,1
https://soccer365.ru/games/15497708/,Ред Булл Зальцбург,1,Челси,2
https://soccer365.ru/games/15497709/,Реал Мадрид,1,РБ Лейпциг,1
https://soccer365.ru/games/15497710/,Боруссия Дортмунд,0,Ман Сити,0
https://soccer365.ru/games/15497711/,Севилья,3,Копенгаген,0
https://soccer365.ru/games/15497712/,ПСЖ,7,Маккаби Хайфа,2
https://soccer365.ru/games/15497713/,Ювентус,0,Бенфика,2
https://soccer365.ru/games/15497714/,Виктория Пльзень,2,Бавария,4
https://soccer365.ru/games/15497715/,Спортинг Лиссабон,0,Марсель,2
https://soccer365.ru/games/15497716/,Наполи,4,Аякс,2
https://soccer365.ru/games/15497717/,Рейнджерс,1,Ливерпуль,7
https://soccer365.ru/games/15497718/,Байер,0,Порту,3
https://soccer365.ru/games/15497719/,Атлетико Мадрид,0,Брюгге,0
https://soccer365.ru/games/15497720/,Интер,4,Барселона,3
https://soccer365.ru/games/15497721/,Айнтрахт Франкфурт,0,Тоттенхэм,1
https://soccer365.ru/games/15497722/,Ред Булл Зальцбург,0,Динамо Загреб,2
https://soccer365.ru/games/15497723/,Селтик,3,РБ Лейпциг,1
https://soccer365.ru/games/15497724/,Милан,0,Челси,2
https://soccer365.ru/games/15497725/,Шахтер,1,Реал Мадрид,1
https://soccer365.ru/games/15497726/,Ман Сити,3,Копенгаген,1
https://soccer365.ru/games/15497727/,Боруссия Дортмунд,1,Севилья,1
https://soccer365.ru/games/15497728/,Маккаби Хайфа,2,Ювентус,0
https://soccer365.ru/games/15497729/,ПСЖ,1,Бенфика,1
https://soccer365.ru/games/15497730/,Ман Сити,3,Копенгаген,1
https://soccer365.ru/games/15497731/,Маккаби Хайфа,2,Ювентус,0
https://soccer365.ru/games/15497732/,Ред Булл Зальцбург,0,Динамо Загреб,2
https://soccer365.ru/games/15497733/,Милан,0,Челси,2
https://soccer365.ru/games/15497734/,Шахтер,1,Реал Мадрид,1
https://soccer365.ru/games/15497735/,Селтик,3,РБ Лейпциг,1
https://soccer365.ru/games/15497736/,Боруссия Дортмунд,1,Севилья,1
https://soccer365.ru/games/15497737/,ПСЖ,1,Бенфика,1
https://soccer365.ru/games/15497738/,Наполи,4,Аякс,2
https://soccer365.ru/games/15497739/,Атлетико Мадрид,0,Брюгге,0
https://soccer365.ru/games/15497740/,Рейнджерс,1,Ливерпуль,7
https://soccer365.ru/games/15497741/,Байер,0,Порту,3
https://soccer365.ru/games/15497742/,Интер,4,Барселона,3
https://soccer365.ru/games/15497743/,Виктория Пльзень,2,Бавария,4
https://soccer365.ru/games/15497744/,Айнтрахт Франкфурт,0,Тоттенхэм,1
https://soccer365.ru/games/15497745/,Спортинг Лиссабон,0,Марсель,2
https://soccer365.ru/games/15497746/,Ред Булл Зальцбург,1,Челси,2
https://soccer365.ru/games/15497747/,Севилья,3,Копенгаген,0
https://soccer365.ru/games/15497748/,Динамо Загреб,2,Милан,1
https://soccer365.ru/games/15497749/,Селтик,1,Шахтер,1
https://soccer365.ru/games/15497750/,Реал Мадрид,1,РБ Лейпциг,1
https://soccer365.ru/games/15497751/,Боруссия Дортмунд,0,Ман Сити,0
https://soccer365.ru/games/15497752/,Ювентус,0,Бенфика,2
https://soccer365.ru/games/15497753/,ПСЖ,7,Маккаби Хайфа,2
https://soccer365.ru/games/15497754/,Брюгге,0,Порту,4
https://soccer365.ru/games/15497755/,Интер,4,Виктория Пльзень,0
https://soccer365.ru/games/15497756/,Наполи,3,Рейнджерс,0
https://soccer365.ru/games/15497757/,Аякс,0,Ливерпуль,3
https://soccer365.ru/games/15497758/,Атлетико Мадрид,2,Байер,1
https://soccer365.ru/games/15497759/,Барселона,4,Бавария,1
https://soccer365.ru/games/15497760/,Айнтрахт Франкфурт,2,Марсель,1
https://soccer365.ru/games/15497761/,Тоттенхэм,1,Спортинг Лиссабон,1
https://soccer365.ru/games/15497762/,Порту,2,Атлетико Мадрид,1
https://soccer365.ru/games/15497763/,Байер,0,Брюгге,0
https://soccer365.ru/games/15497764/,Ливерпуль,2,Наполи,0
https://soccer365.ru/games/15497765/,Аякс,2,Рейнджерс,1
https://soccer365.ru/games/15497766/,Интер,2,Бавария,2
https://soccer365.ru/games/15497767/,Виктория Пльзень,2,Барселона,4
https://soccer365.ru/games/15497768/,Спортинг Лиссабон,1,Айнтрахт Франкфурт,2
https://soccer365.ru/games/15497769/,Марсель,1,Тоттенхэм,2
https://soccer365.ru/games/15497770/,Реал Мадрид,5,Селтик,1
https://soccer365.ru/games/15497771/,Шахтер,0,РБ Лейпциг,4
https://soccer365.ru/games/15497772/,Милан,4,Ред Булл Зальцбург,0
https://soccer365.ru/games/15497773/,Челси,2,Динамо Загреб,1
https://soccer365.ru/games/15497774/,Ман Сити,1,Севилья,1
https://soccer365.ru/games/15497775/,Копенгаген,1,Боруссия Дортмунд,1
https://soccer365.ru/games/15497776/,Маккаби Хайфа,1,Бенфика,6
https://soccer365.ru/games/15497777/,Ювентус,1,ПСЖ,2
https://soccer365.ru/games/15497778/,Ман Сити,3,РБ Лейпциг,2
https://soccer365.ru/games/15497779/,Бенфика,5,Брюгге,1
https://soccer365.ru/games/15497780/,Ливерпуль,2,Реал Мадрид,0
https://soccer365.ru/games/15497781/,Тоттенхэм,0,Милан,0
https://soccer365.ru/games/15497782/,Наполи,3,Айнтрахт Франкфурт,0
https://soccer365.ru/games/15497783/,Челси,1,Боруссия Дортмунд,1
https://soccer365.ru/games/15497784/,Порту,0,Интер,0
https://soccer365.ru/games/15497785/,Бавария,1,ПСЖ,0
https://soccer365.ru/games/15497786/,Ман Сити,3,РБ Лейпциг,2
https://soccer365.ru/games/15497787/,Бенфика,5,Брюгге,1
https://soccer365.ru/games/15497788/,Ливерпуль,2,Реал Мадрид,0
https://soccer365.ru/games/15497789/,Тоттенхэм,0,Милан,0
https://soccer365.ru/games/15497790/,Наполи,3,Айнтрахт Франкфурт,0
https://soccer365.ru/games/15497791/,Челси,1,Боруссия Дортмунд,1
https://soccer365.ru/games/15497792/,Порту,0,Интер,0
https://soccer365.ru/games/15497793/,Бавария,1,ПСЖ,0
https://soccer365.ru/games/15497794/,Бенфика,3,Интер,3
https://soccer365.ru/games/15497795/,Бавария,1,Ман Сити,2
https://soccer365.ru/games/15497796/,Реал Мадрид,2,Челси,1
https://soccer365.ru/games/15497797/,Наполи,2,Милан,1
https://soccer365.ru/games/15497798/,Реал Мадрид,2,Челси,1
https://soccer365.ru/games/15497799/,Наполи,2,Милан,1
https://soccer365.ru/games/15497800/,Бенфика,3,Интер,3
https://soccer365.ru/games/15497801/,Бавария,1,Ман Сити,2
https://soccer365.ru/games/15497802/,Интер,0,Милан,3
https://soccer365.ru/games/15497803/,Реал Мадрид,3,Ман Сити,1
https://soccer365.ru/games/15497804/,Интер,0,Милан,3
https://soccer365.ru/games/15497805/,Реал Мадрид,3,Ман Сити,1
https://soccer365.ru/games/15497806/,Ман Сити,0,Интер,0
